{
  "exploitability": {
    "e0.1_d0.9999": 0.7522357017250451,
    "e0.1_d0.9990": 0.7526927153981061,
    "e0.1_d0.9900": 0.7525707871832659,
    "e0.3_d0.9999": 0.7510824247909621,
    "e0.3_d0.9990": 0.7520316960998644,
    "e0.3_d0.9900": 0.7526986956514696,
    "e0.5_d0.9999": 0.7506273417866762,
    "e0.5_d0.9990": 0.7521685043425684,
    "e0.5_d0.9900": 0.7515473284241531
  },
  "head_to_head": {
    "e0.1_d0.9999": {
      "e0.1_d0.9990": -0.19491999999999818,
      "e0.1_d0.9900": -0.20006999999999822,
      "e0.3_d0.9999": -0.19899999999999832,
      "e0.3_d0.9990": -0.19450999999999843,
      "e0.3_d0.9900": -0.2142899999999987,
      "e0.5_d0.9999": -0.1988399999999983,
      "e0.5_d0.9990": -0.20601999999999854,
      "e0.5_d0.9900": -0.20984999999999873
    },
    "e0.1_d0.9990": {
      "e0.1_d0.9999": -0.20534999999999845,
      "e0.1_d0.9900": -0.19650999999999805,
      "e0.3_d0.9999": -0.19918999999999817,
      "e0.3_d0.9990": -0.2072199999999985,
      "e0.3_d0.9900": -0.21484999999999904,
      "e0.5_d0.9999": -0.20734999999999845,
      "e0.5_d0.9990": -0.22474999999999937,
      "e0.5_d0.9900": -0.21270999999999876
    },
    "e0.1_d0.9900": {
      "e0.1_d0.9999": -0.21708999999999887,
      "e0.1_d0.9990": -0.20894999999999844,
      "e0.3_d0.9999": -0.20351999999999817,
      "e0.3_d0.9990": -0.21632999999999875,
      "e0.3_d0.9900": -0.2083699999999986,
      "e0.5_d0.9999": -0.1938299999999983,
      "e0.5_d0.9990": -0.20457999999999824,
      "e0.5_d0.9900": -0.21746999999999886
    },
    "e0.3_d0.9999": {
      "e0.1_d0.9999": -0.2033199999999981,
      "e0.1_d0.9990": -0.21569999999999914,
      "e0.1_d0.9900": -0.2130499999999985,
      "e0.3_d0.9990": -0.20996999999999863,
      "e0.3_d0.9900": -0.20606999999999817,
      "e0.5_d0.9999": -0.20319999999999816,
      "e0.5_d0.9990": -0.21061999999999848,
      "e0.5_d0.9900": -0.21893999999999914
    },
    "e0.3_d0.9990": {
      "e0.1_d0.9999": -0.20427999999999846,
      "e0.1_d0.9990": -0.20331999999999845,
      "e0.1_d0.9900": -0.20178999999999822,
      "e0.3_d0.9999": -0.20751999999999812,
      "e0.3_d0.9900": -0.20544999999999827,
      "e0.5_d0.9999": -0.2083899999999984,
      "e0.5_d0.9990": -0.1996099999999983,
      "e0.5_d0.9900": -0.21419999999999886
    },
    "e0.3_d0.9900": {
      "e0.1_d0.9999": -0.20943999999999852,
      "e0.1_d0.9990": -0.2140399999999987,
      "e0.1_d0.9900": -0.2018799999999983,
      "e0.3_d0.9999": -0.20800999999999822,
      "e0.3_d0.9990": -0.21754999999999913,
      "e0.5_d0.9999": -0.21954999999999913,
      "e0.5_d0.9990": -0.2087399999999986,
      "e0.5_d0.9900": -0.2059899999999983
    },
    "e0.5_d0.9999": {
      "e0.1_d0.9999": -0.20380999999999813,
      "e0.1_d0.9990": -0.19602999999999815,
      "e0.1_d0.9900": -0.20396999999999807,
      "e0.3_d0.9999": -0.20829999999999826,
      "e0.3_d0.9990": -0.22376999999999903,
      "e0.3_d0.9900": -0.20480999999999822,
      "e0.5_d0.9990": -0.21892999999999901,
      "e0.5_d0.9900": -0.21482999999999855
    },
    "e0.5_d0.9990": {
      "e0.1_d0.9999": -0.20311999999999836,
      "e0.1_d0.9990": -0.19820999999999836,
      "e0.1_d0.9900": -0.2128199999999988,
      "e0.3_d0.9999": -0.19695999999999828,
      "e0.3_d0.9990": -0.20659999999999829,
      "e0.3_d0.9900": -0.21464999999999865,
      "e0.5_d0.9999": -0.19709999999999825,
      "e0.5_d0.9900": -0.21054999999999854
    },
    "e0.5_d0.9900": {
      "e0.1_d0.9999": -0.20515999999999834,
      "e0.1_d0.9990": -0.20457999999999837,
      "e0.1_d0.9900": -0.18892999999999835,
      "e0.3_d0.9999": -0.21277999999999903,
      "e0.3_d0.9990": -0.20744999999999836,
      "e0.3_d0.9900": -0.2092199999999987,
      "e0.5_d0.9999": -0.19914999999999822,
      "e0.5_d0.9990": -0.20524999999999827
    }
  }
}