{"(0, ())": [3.2768578117571474e-06, 0.9999967231421883], "(2, ('bet',))": [0.5, 0.5], "(1, ())": [0.9838475052744534, 0.016152494725546484], "(0, ('bet',))": [1.738354183028695e-06, 0.999998261645817], "(1, ('check',))": [0.5061986291654726, 0.4938013708345273], "(1, ('check', 'bet'))": [6.9923082143294385e-06, 0.9999930076917856], "(2, ())": [0.9999961463523711, 3.853647628870296e-06], "(0, ('check',))": [0.5, 0.5], "(2, ('check', 'bet'))": [8.993630403022263e-06, 0.999991006369597], "(1, ('bet',))": [3.4659994739581163e-06, 0.999996534000526], "(2, ('check',))": [0.5056284195141603, 0.4943715804858397], "(0, ('check', 'bet'))": [0.5, 0.5]}