{"(2, ())": [0.9999997178859923, 2.821140077268372e-07], "(2, ('bet',))": [0.5, 0.5], "(0, ())": [1.5980651425333825e-06, 0.9999984019348575], "(0, ('check',))": [0.5, 0.5], "(1, ())": [0.9845754600214784, 0.015424539978521548], "(0, ('bet',))": [2.1094985062984234e-06, 0.9999978905014937], "(1, ('check',))": [0.5369354194605107, 0.46306458053948935], "(2, ('check', 'bet'))": [1.2107284836101063e-05, 0.9999878927151639], "(1, ('bet',))": [6.4178856740790946e-06, 0.9999935821143259], "(1, ('check', 'bet'))": [1.5611046883393076e-05, 0.9999843889531167], "(2, ('check',))": [0.5044782714925834, 0.49552172850741666]}