{"(2, ())": [0.9999953194412982, 4.680558701892693e-06], "(1, ('check',))": [0.5216350974747168, 0.47836490252528324], "(2, ('check', 'bet'))": [3.010024447918176e-06, 0.999996989975552], "(1, ())": [0.9865902608307017, 0.013409739169298301], "(1, ('bet',))": [1.561385546999371e-05, 0.99998438614453], "(2, ('check',))": [0.4994614764248885, 0.5005385235751115], "(0, ())": [4.944314040842582e-06, 0.9999950556859591], "(0, ('bet',))": [2.188551087796324e-05, 0.999978114489122], "(2, ('bet',))": [0.5, 0.5], "(0, ('check',))": [0.5, 0.5], "(0, ('check', 'bet'))": [0.5, 0.5], "(1, ('check', 'bet'))": [8.705361815580494e-05, 0.9999129463818441]}