{"(0, ())": [2.844506568025591e-07, 0.9999997155493432], "(2, ('check',))": [0.50071646765801, 0.49928353234198997], "(2, ())": [0.9999995074128968, 4.925871031652627e-07], "(0, ('bet',))": [1.7603650529751954e-06, 0.999998239634947], "(2, ('bet',))": [0.5, 0.5], "(1, ())": [0.9838080837447398, 0.016191916255260088], "(0, ('check',))": [0.5, 0.5], "(1, ('check', 'bet'))": [2.396961312401742e-06, 0.9999976030386876], "(1, ('bet',))": [1.4509310834566234e-05, 0.9999854906891654], "(1, ('check',))": [0.5150877433891197, 0.4849122566108804], "(2, ('check', 'bet'))": [7.709102733619092e-06, 0.9999922908972664]}