{"(0, ())": [2.814254744241894e-07, 0.9999997185745256], "(2, ('check',))": [0.5001193274341982, 0.4998806725658018], "(1, ())": [0.9878108534948321, 0.012189146505167869], "(2, ('bet',))": [0.5, 0.5], "(2, ())": [0.9999985957368336, 1.4042631663656659e-06], "(0, ('bet',))": [2.443301264111896e-06, 0.9999975566987359], "(1, ('check', 'bet'))": [8.372180735309208e-05, 0.9999162781926468], "(0, ('check',))": [0.5, 0.5], "(1, ('check',))": [0.514166805794187, 0.485833194205813], "(1, ('bet',))": [3.069691121885218e-05, 0.9999693030887811], "(2, ('check', 'bet'))": [4.209601307359295e-06, 0.9999957903986927], "(0, ('check', 'bet'))": [0.5, 0.5]}