{"(2, ())": [0.9999979803054584, 2.019694541558878e-06], "(1, ('check',))": [0.5324950512261307, 0.4675049487738692], "(2, ('check', 'bet'))": [3.4455162636315093e-06, 0.9999965544837363], "(0, ())": [5.755256326245442e-07, 0.9999994244743674], "(2, ('check',))": [0.5001707910007244, 0.4998292089992757], "(0, ('check',))": [0.5, 0.5], "(1, ())": [0.9935074382738297, 0.006492561726170268], "(1, ('check', 'bet'))": [1.8372678517012399e-06, 0.9999981627321484], "(2, ('bet',))": [0.5, 0.5], "(0, ('bet',))": [3.251540397366429e-06, 0.9999967484596026], "(0, ('check', 'bet'))": [0.5, 0.5], "(1, ('bet',))": [5.032672898916264e-06, 0.999994967327101]}