{"(0, ())": [9.49111307038442e-06, 0.9999905088869296], "(0, ('check',))": [0.5, 0.5], "(2, ())": [0.999990882499173, 9.117500826960293e-06], "(1, ('check',))": [0.5378892101488916, 0.4621107898511084], "(0, ('check', 'bet'))": [0.5, 0.5], "(1, ())": [0.9962449061057048, 0.0037550938942950878], "(1, ('check', 'bet'))": [1.8838399109569965e-06, 0.999998116160089], "(0, ('bet',))": [1.0976041154758796e-05, 0.9999890239588453], "(2, ('bet',))": [0.5, 0.5], "(2, ('check',))": [0.5037712277660608, 0.49622877223393924], "(2, ('check', 'bet'))": [4.021492231432987e-06, 0.9999959785077687], "(1, ('bet',))": [4.278856114222798e-05, 0.9999572114388577]}