{"(0, ())": [2.854658159197985e-07, 0.9999997145341841], "(1, ('check',))": [0.482985581089768, 0.5170144189102321], "(2, ())": [0.9999976355909782, 2.3644090217277036e-06], "(0, ('check',))": [0.5, 0.5], "(1, ())": [0.9907182335257714, 0.009281766474228535], "(2, ('bet',))": [0.5, 0.5], "(1, ('bet',))": [1.727454919292069e-05, 0.9999827254508071], "(2, ('check',))": [0.4883544780203727, 0.5116455219796272], "(1, ('check', 'bet'))": [5.276444034044755e-06, 0.999994723555966], "(2, ('check', 'bet'))": [6.162743109340378e-06, 0.9999938372568906], "(0, ('bet',))": [5.735614580659155e-06, 0.9999942643854194], "(0, ('check', 'bet'))": [0.5, 0.5]}