{"(0, ())": [4.698393401337953e-06, 0.9999953016065987], "(2, ('bet',))": [0.5, 0.5], "(2, ())": [0.9999988022849534, 1.197715046632196e-06], "(1, ('check',))": [0.5151652030531408, 0.4848347969468591], "(2, ('check', 'bet'))": [4.124117944392909e-06, 0.9999958758820556], "(0, ('bet',))": [2.194215344705035e-06, 0.9999978057846554], "(1, ('bet',))": [1.241576099265033e-05, 0.9999875842390075], "(1, ())": [0.986990010130711, 0.013009989869289074], "(2, ('check',))": [0.4869317528866585, 0.5130682471133415], "(0, ('check',))": [0.5, 0.5], "(1, ('check', 'bet'))": [3.5770709421921772e-06, 0.9999964229290578], "(0, ('check', 'bet'))": [0.5, 0.5]}