{"iterations": [4000, 8000, 12000, 16000, 20000, 24000, 28000, 32000, 36000, 40000], "win_rates": [0.378, 0.388, 0.388, 0.395, 0.433, 0.39, 0.414, 0.414, 0.387, 0.402], "tie_rates": [0.218, 0.23, 0.222, 0.224, 0.214, 0.235, 0.221, 0.209, 0.246, 0.237], "loss_rates": [0.404, 0.382, 0.39, 0.381, 0.353, 0.375, 0.365, 0.377, 0.367, 0.361], "payouts": [-0.026, 0.006, -0.002, 0.014, 0.08, 0.015, 0.049, 0.037, 0.02, 0.041], "exploitability": [0.8440545808966862, 0.8369678089304258, 0.8264984227129337, 0.8429752066115701, 0.8401682439537328, 0.8386783284742467, 0.8448844884488449, 0.8382066276803117, 0.8463768115942027, 0.8323170731707317], "params": {"epsilon": 0.2, "decay": 0.99}}