{"iterations": [4000, 8000, 12000, 16000, 20000, 24000, 28000, 32000, 36000, 40000], "win_rates": [0.38, 0.376, 0.397, 0.397, 0.411, 0.392, 0.368, 0.397, 0.409, 0.377], "payouts": [-0.03, -0.008, 0.027, 0.008, 0.032, 0.007, -0.026, 0.017, 0.045, -0.023], "exploitability": [0.8260416666666666, 0.8382513661202184, 0.8313953488372092, 0.8159831756046267, 0.8578732106339468, 0.8388721047331318, 0.8428571428571427, 0.8273092369477911, 0.8307210031347962, 0.8223552894211577], "params": {"epsilon": 0.2, "decay": 0.99}}