{"iterations": [4000, 8000, 12000, 16000, 20000, 24000, 28000, 32000, 36000, 40000], "win_rates": [0.378, 0.392, 0.393, 0.364, 0.379, 0.39, 0.41, 0.407, 0.394, 0.405], "payouts": [-0.031, 0.007, -0.004, -0.045, -0.013, 0.005, 0.041, 0.027, 0.023, 0.034], "exploitability": [0.8389057750759878, 0.8305274971941639, 0.8333333333333333, 0.8433734939759037, 0.8516260162601625, 0.8092369477911646, 0.8442367601246106, 0.837784371909001, 0.8542857142857143, 0.8338624338624339], "params": {"epsilon": 0.3, "decay": 0.999}}