{"(0, ('check', 'bet'))": [6.016723094363817e-10, 0.9999999993983277], "(2, ('check',))": [0.9999999988006671, 1.199332895543245e-09], "(2, ('bet',))": [1.199332895543245e-09, 0.9999999988006671], "(0, ())": [0.9999999987966554, 1.2033446174247252e-09], "(2, ('check', 'bet'))": [1.7923971295878425e-09, 0.9999999982076029], "(0, ('check',))": [0.9999999963920071, 3.607992864525429e-09], "(0, ('bet',))": [3.607992864525429e-09, 0.9999999963920071], "(2, ())": [0.9999999964152058, 3.584794246324935e-09], "(1, ('check',))": [0.5, 0.5], "(1, ('bet',))": [0.5, 0.5], "(1, ('check', 'bet'))": [0.5, 0.5], "(1, ())": [0.5, 0.5]}