{"(1, ('check', 'bet'))": [1.4970056160135744e-09, 0.9999999985029944], "(0, ('check',))": [0.9999999970142402, 2.985759765148258e-09], "(0, ('bet',))": [2.985759765148258e-09, 0.9999999970142402], "(1, ())": [0.9999999970059887, 2.994011223063046e-09], "(2, ('check', 'bet'))": [2.9759056926439248e-09, 0.9999999970240943], "(1, ('check',))": [0.9999999940255854, 5.9744145934014165e-09], "(1, ('bet',))": [5.9744145934014165e-09, 0.9999999940255854], "(2, ())": [0.9999999940481886, 5.951811349863791e-09], "(0, ('check', 'bet'))": [1.9692926858436733e-08, 0.9999999803070732], "(0, ())": [0.9999999606141479, 3.9385852165628053e-08], "(2, ('check',))": [0.9999999788145878, 2.1185412185195366e-08], "(2, ('bet',))": [2.1185412185195366e-08, 0.9999999788145878]}