{"(1, ('check', 'bet'))": [1.5190646302422453e-09, 0.9999999984809353], "(0, ('check',))": [0.9999999969981428, 3.001857195013125e-09], "(0, ('bet',))": [3.001857195013125e-09, 0.9999999969981428], "(1, ())": [0.9999999969618707, 3.0381292512542613e-09], "(0, ('check', 'bet'))": [7.51025303499464e-09, 0.9999999924897469], "(1, ('check',))": [0.9999999851515221, 1.4848477875999601e-08], "(1, ('bet',))": [1.4848477875999601e-08, 0.9999999851515221], "(0, ())": [0.9999999849794942, 1.502050584437368e-08], "(2, ('check',))": [0.5, 0.5], "(2, ('bet',))": [0.5, 0.5], "(2, ('check', 'bet'))": [0.5, 0.5], "(2, ())": [0.5, 0.5]}