{"(2, ('check', 'bet'))": [6.022738678836167e-10, 0.9999999993977261], "(0, ('check',))": [0.9999999987939349, 1.206065090035183e-09], "(0, ('bet',))": [1.206065090035183e-09, 0.9999999987939349], "(2, ())": [0.9999999987954523, 1.2045477343162983e-09], "(0, ('check', 'bet'))": [1.1935146229530956e-09, 0.9999999988064854], "(1, ('check',))": [0.9999999976116946, 2.3883054103531544e-09], "(1, ('bet',))": [2.3883054103531544e-09, 0.9999999976116946], "(0, ())": [0.9999999976129708, 2.3870292402082825e-09], "(1, ('check', 'bet'))": [1.2617139187481398e-08, 0.9999999873828608], "(1, ())": [0.9999999747657222, 2.5234277738194006e-08], "(2, ('check',))": [0.9999999904041476, 9.595852488314183e-09], "(2, ('bet',))": [9.595852488314183e-09, 0.9999999904041476]}