{"(1, ('check', 'bet'))": [1.496943936560474e-09, 0.9999999985030561], "(0, ('check',))": [0.9999999970216922, 2.9783078225880405e-09], "(0, ('bet',))": [2.9783078225880405e-09, 0.9999999970216922], "(1, ())": [0.9999999970061121, 2.9938878641575833e-09], "(0, ('check', 'bet'))": [4.5535559977085415e-09, 0.999999995446444], "(1, ('check',))": [0.9999999910545102, 8.945489799141908e-09], "(1, ('bet',))": [8.945489799141908e-09, 0.9999999910545102], "(0, ())": [0.999999990892888, 9.107111912477594e-09], "(2, ('check', 'bet'))": [0.5, 0.5], "(2, ())": [0.5, 0.5], "(2, ('check',))": [0.5, 0.5], "(2, ('bet',))": [0.5, 0.5]}