{"(2, ('check', 'bet'))": [1.4857670367267615e-09, 0.9999999985142329], "(0, ('check',))": [0.9999999970118504, 2.988149602283563e-09], "(0, ('bet',))": [2.988149602283563e-09, 0.9999999970118504], "(2, ())": [0.999999997028466, 2.9715340646235085e-09], "(0, ('check', 'bet'))": [3.0024672654655273e-09, 0.9999999969975327], "(1, ('check',))": [0.9999999940124266, 5.987573449937734e-09], "(1, ('bet',))": [5.987573449937734e-09, 0.9999999940124266], "(0, ())": [0.9999999939950655, 6.004934494871816e-09], "(1, ('check', 'bet'))": [4.53838480089121e-09, 0.9999999954616152], "(2, ('check',))": [0.9999999909480309, 9.051969056121375e-09], "(2, ('bet',))": [9.051969056121375e-09, 0.9999999909480309], "(1, ())": [0.9999999909232304, 9.076769519394676e-09]}