{"(1, ('check', 'bet'))": [5.979156319064002e-10, 0.9999999994020844], "(2, ('check',))": [0.999999998804995, 1.1950049690935626e-09], "(2, ('bet',))": [1.1950049690935626e-09, 0.999999998804995], "(1, ())": [0.9999999988041688, 1.1958312623827879e-09], "(2, ('check', 'bet'))": [1.2041178624953416e-09, 0.9999999987958821], "(1, ('check',))": [0.9999999975985424, 2.401457604076699e-09], "(1, ('bet',))": [2.401457604076699e-09, 0.9999999975985424], "(2, ())": [0.9999999975917643, 2.408235719191084e-09], "(0, ('check',))": [0.5, 0.5], "(0, ('bet',))": [0.5, 0.5], "(0, ('check', 'bet'))": [0.5, 0.5], "(0, ())": [0.5, 0.5]}