{"(1, ('check', 'bet'))": [5.975041160833673e-10, 0.9999999994024958], "(0, ('check',))": [0.9999999988073835, 1.192616414460575e-09], "(0, ('bet',))": [1.192616414460575e-09, 0.9999999988073835], "(1, ())": [0.9999999988049918, 1.19500823073869e-09], "(0, ('check', 'bet'))": [1.2062942144978669e-09, 0.9999999987937058], "(1, ('check',))": [0.9999999975834793, 2.4165206127649615e-09], "(1, ('bet',))": [2.4165206127649615e-09, 0.9999999975834793], "(0, ())": [0.9999999975874115, 2.412588423175151e-09], "(2, ('check', 'bet'))": [0.5, 0.5], "(2, ())": [0.5, 0.5], "(2, ('check',))": [0.5, 0.5], "(2, ('bet',))": [0.5, 0.5]}