{"(2, ('check', 'bet'))": [1.4917689811588713e-09, 0.9999999985082311], "(0, ('check',))": [0.9999999970069319, 2.9930681738321315e-09], "(0, ('bet',))": [2.9930681738321315e-09, 0.9999999970069319], "(2, ())": [0.999999997016462, 2.983537953416244e-09], "(0, ('check', 'bet'))": [6.037853124670201e-09, 0.9999999939621469], "(2, ('check',))": [0.9999999880159924, 1.1984007509754338e-08], "(2, ('bet',))": [1.1984007509754338e-08, 0.9999999880159924], "(0, ())": [0.9999999879242939, 1.2075706103517722e-08], "(1, ('check', 'bet'))": [0.5, 0.5], "(1, ())": [0.5, 0.5], "(1, ('check',))": [0.5, 0.5], "(1, ('bet',))": [0.5, 0.5]}