{"(1, ('check', 'bet'))": [1.501111848026932e-09, 0.9999999984988881], "(2, ('check',))": [0.999999997016098, 2.983901962301657e-09], "(2, ('bet',))": [2.983901962301657e-09, 0.999999997016098], "(1, ())": [0.9999999969977763, 3.002223687040517e-09], "(0, ('check', 'bet'))": [1.7994434609286302e-08, 0.9999999820055654], "(0, ())": [0.9999999640111321, 3.598886792337394e-08], "(0, ('check',))": [0.9999998228131728, 1.7718682720810283e-07], "(0, ('bet',))": [1.7718682720810283e-07, 0.9999998228131728], "(1, ('check',))": [0.9999999789148041, 2.108519587252351e-08], "(1, ('bet',))": [2.108519587252351e-08, 0.9999999789148041], "(2, ('check', 'bet'))": [5.396054124629257e-08, 0.9999999460394587], "(2, ())": [0.9999998920789291, 1.0792107084562634e-07]}