{"(2, ('check', 'bet'))": [1.509527386629293e-09, 0.9999999984904726], "(1, ('check',))": [0.999999996996085, 3.003914984375647e-09], "(1, ('bet',))": [3.003914984375647e-09, 0.999999996996085], "(2, ())": [0.9999999969809452, 3.0190547641438944e-09], "(1, ('check', 'bet'))": [4.492824846399679e-09, 0.9999999955071751], "(0, ('check',))": [0.9999999909883123, 9.011687726420157e-09], "(0, ('bet',))": [9.011687726420157e-09, 0.9999999909883123], "(1, ())": [0.9999999910143504, 8.985649612057457e-09], "(0, ('check', 'bet'))": [5.970063391745011e-09, 0.9999999940299366], "(2, ('check',))": [0.9999999880347024, 1.196529769322641e-08], "(2, ('bet',))": [1.196529769322641e-08, 0.9999999880347024], "(0, ())": [0.9999999880598733, 1.1940126640923395e-08]}