{"(0, ('check', 'bet'))": [1.4970812589388664e-09, 0.9999999985029188], "(2, ('check',))": [0.9999999970255355, 2.9744644900546845e-09], "(2, ('bet',))": [2.9744644900546845e-09, 0.9999999970255355], "(0, ())": [0.9999999970058375, 2.9941625089127233e-09], "(2, ('check', 'bet'))": [2.99899530058636e-09, 0.9999999970010047], "(0, ('check',))": [0.999999993974865, 6.025134959106746e-09], "(0, ('bet',))": [6.025134959106746e-09, 0.999999993974865], "(2, ())": [0.9999999940020095, 5.997990565196829e-09], "(1, ('check', 'bet'))": [0.5, 0.5], "(1, ())": [0.5, 0.5], "(1, ('check',))": [0.5, 0.5], "(1, ('bet',))": [0.5, 0.5]}