{"(0, ('check', 'bet'))": [6.004051166279074e-10, 0.9999999993995948], "(2, ('check',))": [0.9999999988044577, 1.1955423552907941e-09], "(2, ('bet',))": [1.1955423552907941e-09, 0.9999999988044577], "(0, ())": [0.9999999987991898, 1.2008102318138695e-09], "(2, ('check', 'bet'))": [1.8007993092642876e-09, 0.9999999981992007], "(0, ('check',))": [0.999999996399989, 3.6000109785934804e-09], "(0, ('bet',))": [3.6000109785934804e-09, 0.999999996399989], "(2, ())": [0.9999999963984014, 3.6015986055570627e-09], "(1, ('check', 'bet'))": [0.5, 0.5], "(1, ())": [0.5, 0.5], "(1, ('check',))": [0.5, 0.5], "(1, ('bet',))": [0.5, 0.5]}