{"(1, ('check', 'bet'))": [1.5001102956094847e-09, 0.9999999984998897], "(0, ('check',))": [0.9999999970048542, 2.995145827060999e-09], "(0, ('bet',))": [2.995145827060999e-09, 0.9999999970048542], "(1, ())": [0.9999999969997794, 3.000220582217646e-09], "(0, ('check', 'bet'))": [4.507195435530731e-09, 0.9999999954928046], "(2, ('check',))": [0.9999999910064408, 8.993559208611398e-09], "(2, ('bet',))": [8.993559208611398e-09, 0.9999999910064408], "(0, ())": [0.9999999909856092, 9.014390789802219e-09], "(2, ('check', 'bet'))": [3.5929223955889114e-08, 0.9999999640707761], "(2, ())": [0.9999999281415572, 7.185844274814207e-08], "(1, ('check',))": [0.9999999699387702, 3.006122979505083e-08], "(1, ('bet',))": [3.006122979505083e-08, 0.9999999699387702]}