{"(0, ('check', 'bet'))": [6.02338746186628e-10, 0.9999999993976613], "(1, ('check',))": [0.9999999987963994, 1.203600528614612e-09], "(1, ('bet',))": [1.203600528614612e-09, 0.9999999987963994], "(0, ())": [0.9999999987953225, 1.2046774909220082e-09], "(2, ('check', 'bet'))": [2.9872914896380305e-09, 0.9999999970127085], "(2, ())": [0.9999999940254171, 5.974582943580419e-09], "(0, ('check',))": [0.9999999964154981, 3.5845019070422373e-09], "(0, ('bet',))": [3.5845019070422373e-09, 0.9999999964154981], "(2, ('check',))": [0.9999999711702426, 2.882975733748196e-08], "(2, ('bet',))": [2.882975733748196e-08, 0.9999999711702426], "(1, ('check', 'bet'))": [2.0401457969792352e-08, 0.999999979598542], "(1, ())": [0.9999999591970857, 4.0802914274706824e-08]}